{"cameraMode":{"drawMode":0,"name":"Shaded","section":"Shading Mode"},"sceneLighting":true,"audioPlay":false,"sceneViewState":{"showFog":true,"showMaterialUpdate":false,"showSkybox":true,"showFlares":true,"showImageEffects":true,"showParticleSystems":true},"in2DMode":false,"pivot":{"x":-8.9847412109375,"y":1.0397615432739258,"z":20.86178970336914},"rotation":{"x":-0.10304177552461624,"y":-0.8267029523849487,"z":0.1609696000814438,"w":-0.529181957244873},"size":4.951452255249023,"orthographic":false}