{"cameraMode":{"drawMode":0,"name":"Shaded","section":"Shading Mode"},"sceneLighting":true,"audioPlay":false,"sceneViewState":{"showFog":true,"showMaterialUpdate":false,"showSkybox":true,"showFlares":true,"showImageEffects":true,"showParticleSystems":true},"in2DMode":false,"pivot":{"x":-7.9734907150268559,"y":0.960923433303833,"z":0.17753136157989503},"rotation":{"x":0.019169362261891366,"y":0.9786564707756043,"z":-0.1738501936197281,"w":0.10788979381322861},"size":3.3908231258392336,"orthographic":false}