{"cameraMode":{"drawMode":0,"name":"Shaded","section":"Shading Mode"},"sceneLighting":true,"audioPlay":false,"sceneViewState":{"showFog":true,"showMaterialUpdate":false,"showSkybox":true,"showFlares":true,"showImageEffects":true,"showParticleSystems":true},"in2DMode":false,"pivot":{"x":-4.388545513153076,"y":0.960923433303833,"z":14.86681842803955},"rotation":{"x":0.1777762770652771,"y":-0.7652090787887573,"z":0.238226056098938,"w":0.5710508823394775},"size":2.7908217906951906,"orthographic":false}