{"cameraMode":{"drawMode":0,"name":"Shaded","section":"Shading Mode"},"sceneLighting":true,"audioPlay":false,"sceneViewState":{"showFog":true,"showMaterialUpdate":false,"showSkybox":true,"showFlares":true,"showImageEffects":true,"showParticleSystems":true},"in2DMode":false,"pivot":{"x":-8.010009765625,"y":0.8359147906303406,"z":6.291451454162598},"rotation":{"x":0.03337564319372177,"y":0.9315861463546753,"z":-0.35098016262054446,"w":0.08857925981283188},"size":5.026394844055176,"orthographic":false}